{"cameraMode":{"drawMode":0,"name":"Shaded","section":"Shading Mode"},"sceneLighting":true,"audioPlay":false,"sceneViewState":{"showFog":true,"showMaterialUpdate":false,"showSkybox":true,"showFlares":true,"showImageEffects":true,"showParticleSystems":true},"in2DMode":false,"pivot":{"x":-12.391188621520996,"y":1.1330857276916505,"z":35.57680892944336},"rotation":{"x":-0.15055398643016816,"y":-0.43228089809417727,"z":0.07345178723335266,"w":-0.8860435485839844},"size":10.0,"orthographic":false}