{"cameraMode":{"drawMode":0,"name":"Shaded","section":"Shading Mode"},"sceneLighting":true,"audioPlay":false,"sceneViewState":{"showFog":true,"showMaterialUpdate":false,"showSkybox":true,"showFlares":true,"showImageEffects":true,"showParticleSystems":true},"in2DMode":false,"pivot":{"x":3.922929286956787,"y":4.969624996185303,"z":16.026748657226564},"rotation":{"x":0.02648853324353695,"y":0.12175107002258301,"z":0.0032507069408893587,"w":-0.9922031164169312},"size":9.356900215148926,"orthographic":false}